quorum,popsize,gens,cx_prob,mut_prob,tour,total_time,result_cost
217,38,1500,0.8,0.1700019,3,19.365217447280884,10674.223360622673
217,38,15000,0.8,0.1700019,5,219.78162670135498,9817.560125135047
216,38,15000,1.1,0.1700019,5,296.10951471328735,9723.912096563061
216,38,18000,0.8,0.1700019,5,266.2988483905792,9687.33095044603
216,38,15000,0.8,0.1700019,5,255.10647559165955,9686.938309982037
216,38,15000,0.141,0.1700019,5,92.28398132324219,9686.938309982037
216,38,15000,0.141,0.1700019,5,81.15054774284363,9686.938309982039
